{
	"air": {
		"collision": "empty",
		"color": [255, 255, 255],
		"explosion": "air",
		"fluid": false
	},
	"stone": {
		"collision": "solid",
		"color": [0, 0, 0],
		"explosion": "air",
		"fluid": false
	},
	"tnt": {
		"collision": "explode",
		"color": false,
		"explosion": "air",
		"fluid": false
	},
	"hard_stone": {
		"collision": "solid",
		"color": [28, 2, 0],
		"explosion": "hard_stone",
		"fluid": false
	},
	"sand": {
		"collision": "fall",
		"color": false,
		"explosion": "air",
		"fluid": false
	},
	"water": {
		"collision": "swim",
		"explosion": "water",
		"color": [50, 50, 255],
		"fluid": "source"
	},
	"flowing_water": {
		"collision": "swim",
		"explosion": "air",
		"color": false,
		"fluid": "flowing"
	},
	"wood": {
		"collision": "solid",
		"explosion": "air",
		"color": [50, 25, 0],
		"fluid": false
	},
	"leaves": {
		"collision": "empty",
		"explosion": "air",
		"color": [10, 200, 0],
		"fluid": false
	},
	"vines": {
		"collision": "empty",
		"explosion": "swim",
		"color": false,
		"fluid": false
	}
}
